{"r2_score": 0.881135292466528, "rmse": 240.75280379116572, "mae": 193.70414491747314, "best_model": "random_forest"}