{
  "mae": 0.017911682371982495,
  "mse": 0.005684515926170145,
  "r2": 0.9930411114395234
}